PF3D7-0201900,Ring Stage Specific markers
PF3D7-0205700,Ring Stage Specific markers
PF3D7-0205700,Ring Stage Specific markers
PF3D7-0301100,Ring Stage Specific markers
PF3D7-0402100,Ring Stage Specific markers
PF3D7-0424600,Ring Stage Specific markers
PF3D7-0702000,Ring Stage Specific markers
PF3D7-0730800,Ring Stage Specific markers
PF3D7-0730800,Ring Stage Specific markers
PF3D7-0730900,Ring Stage Specific markers
PF3D7-0830500,Ring Stage Specific markers
PF3D7-0935900,Ring Stage Specific markers
PF3D7-1001200,Ring Stage Specific markers
PF3D7-1001800,Ring Stage Specific markers
PF3D7-1148700,Ring Stage Specific markers
PF3D7-1253200,Ring Stage Specific markers
PF3D7-1301700,Ring Stage Specific markers
PF3D7-0102200,Early ring transcripts
PF3D7-0113700,Early ring transcripts
PF3D7-0220000,Early ring transcripts
PF3D7-0424600,Early ring transcripts
PF3D7-0501400,Early ring transcripts
PF3D7-0502400,Early ring transcripts
PF3D7-0523000,Early ring transcripts
PF3D7-0702100,Early ring transcripts
PF3D7-0702300,Early ring transcripts
PF3D7-0709000,Early ring transcripts
PF3D7-0730800,Early ring transcripts
PF3D7-0730800,Early ring transcripts
PF3D7-0912100,Early ring transcripts
PF3D7-1001500,Early ring transcripts
PF3D7-1002100,Early ring transcripts
PF3D7-1102700,Early ring transcripts
PF3D7-1102800,Early ring transcripts
PF3D7-1149200,Early ring transcripts
PF3D7-1149500,Early ring transcripts
PF3D7-1149600,Early ring transcripts
PF3D7-1200700,Early ring transcripts
PF3D7-1401400,Early ring transcripts
PF3D7-1407800,Early ring transcripts
PF3D7-1407900,Early ring transcripts
PF3D7-1458000,Early ring transcripts
PF3D7-0217800,Trphozoite
PF3D7-0307100,Trphozoite
PF3D7-0317600,Trphozoite
PF3D7-0322900,Trphozoite
PF3D7-0516200,Trphozoite
PF3D7-0708400,Trphozoite
PF3D7-0818900,Trphozoite
PF3D7-0932400,Trphozoite
PF3D7-1012400,Trphozoite
PF3D7-1324900,Trphozoite
PF3D7-1428600,Trphozoite
PF3D7-API02600,Trphozoite
PF3D7-API02700,Trphozoite
PF3D7-API03500,Trphozoite
PF3D7-0102200,Schizont 
PF3D7-0206900,Schizont 
PF3D7-0206900,Schizont 
PF3D7-0207000,Schizont 
PF3D7-0209800,Schizont 
PF3D7-0501600,Schizont 
PF3D7-0507500,Schizont 
PF3D7-0731500,Schizont 
PF3D7-0930300,Schizont 
PF3D7-0934800,Schizont 
PF3D7-0935800,Schizont 
PF3D7-1027300,Schizont 
PF3D7-1035500,Schizont 
PF3D7-1133400,Schizont 
PF3D7-1136900,Schizont 
PF3D7-1342600,Schizont 
PF3D7-1371600,Schizont 
PF3D7-1410400,Schizont 
PF3D7-0409400,Male Gametocyte
PF3D7-0505500,Male Gametocyte
PF3D7-0508700,Male Gametocyte
PF3D7-0518700,Male Gametocyte
PF3D7-0527000,Male Gametocyte
PF3D7-0705400,Male Gametocyte
PF3D7-0726300,Male Gametocyte
PF3D7-0810300,Male Gametocyte
PF3D7-1014200,Male Gametocyte
PF3D7-1211700,Male Gametocyte
PF3D7-1235000,Male Gametocyte
PF3D7-1317100,Male Gametocyte
PF3D7-1343400,Male Gametocyte
PF3D7-1355100,Male Gametocyte
PF3D7-1403800,Male Gametocyte
PF3D7-1417800,Male Gametocyte
PF3D7-1443800,Male Gametocyte
PF3D7-1455000,Male Gametocyte
PF3D7-1472000,Male Gametocyte
PF3D7-0208900,Male Gametocyte
PF3D7-0422300,Male Gametocyte
PF3D7-0210000,Female Gametocyte
PF3D7-0502200,Female Gametocyte
PF3D7-0506900,Female Gametocyte
PF3D7-0515000,Female Gametocyte
PF3D7-0724400,Female Gametocyte
PF3D7-0810500,Female Gametocyte
PF3D7-0816500,Female Gametocyte
PF3D7-0816600,Female Gametocyte
PF3D7-0816800,Female Gametocyte
PF3D7-0828000,Female Gametocyte
PF3D7-0904200,Female Gametocyte
PF3D7-0927000,Female Gametocyte
PF3D7-1021500,Female Gametocyte
PF3D7-1027900,Female Gametocyte
PF3D7-1107400,Female Gametocyte
PF3D7-1115200,Female Gametocyte
PF3D7-1121700,Female Gametocyte
PF3D7-1125400,Female Gametocyte
PF3D7-1144700,Female Gametocyte
PF3D7-1211300,Female Gametocyte
PF3D7-1243500,Female Gametocyte
PF3D7-1246400,Female Gametocyte
PF3D7-1250100,Female Gametocyte
PF3D7-1325000,Female Gametocyte
PF3D7-1414000,Female Gametocyte
PF3D7-1449400,Female Gametocyte
PF3D7-1453700,Female Gametocyte
PF3D7-API03600,Female Gametocyte
PF3D7-0406200,Early Gemotocyte makers
PF3D7-1016900,Early Gemotocyte makers
PF3D7-1216500,Early Gemotocyte makers
PF3D7-1302100,Early Gemotocyte makers
PF3D7-1477300,Early Gemotocyte makers
PF3D7-1477700,Early Gemotocyte makers
PF3D7-0209000,Early Gemotocyte makers
PF3D7-0406200,Early Gemotocyte makers
PF3D7-1030900,Early Gemotocyte makers
PF3D7-1438800,Early Gemotocyte makers
PF3D7-1477700,Early Gemotocyte makers
PF3D7-1462500,Gametocytogenesis regulator
PF3D7-1222600,Gametocytogenesis regulator
PF3D7-1220900,Gametocytogenesis regulator
PF3D7-1008000,Gametocytogenesis regulator
PF3D7-1426500,Gametocytogenesis regulator
PF3D7-1302100,Gametocytogenesis regulator
PF3D7-0406200,Gametocytogenesis regulator
PF3D7-0935600,Gametocytogenesis regulator
PF3D7-1216500,Gametocytogenesis regulator
PF3D7-0417100,Gametocytogenesis regulator
PF3D7-0518700,Gametocytogenesis regulator
PF3D7-0935400,Gametocytogenesis regulator
PF3D7-1343000,Gametocytogenesis regulator
PF3D7-1455800,Gametocytogenesis regulator
PF3D7-0527500,Gametocytogenesis regulator
PF3D7-0304400,Gametocytogenesis regulator
PF3D7-0416500,Gametocytogenesis regulator
PF3D7-1409900,Gametocytogenesis regulator
PF3D7-1236600,Gametocytogenesis regulator
PF3D7-1115900,Gametocytogenesis regulator
PF3D7-1253000,Gametocytogenesis regulator
PF3D7-1317200,Gametocytogenesis regulator
PF3D7-0924700,Gametocytogenesis regulator
PF3D7-0532600,Gametocytogenesis regulator
PF3D7-0730900,Gametocytogenesis regulator
PF3D7-0920000,Gametocytogenesis regulator
PF3D7-0714100,Gametocytogenesis regulator
PF3D7-0109400,Different chaperones upregulated during heat stress
PF3D7-0214000,Different chaperones upregulated during heat stress
PF3D7-0306200,Different chaperones upregulated during heat stress
PF3D7-0306800,Different chaperones upregulated during heat stress
PF3D7-0308200,Different chaperones upregulated during heat stress
PF3D7-0320300,Different chaperones upregulated during heat stress
PF3D7-0322000,Different chaperones upregulated during heat stress
PF3D7-0510200,Different chaperones upregulated during heat stress
PF3D7-0527500,Different chaperones upregulated during heat stress
PF3D7-0528700,Different chaperones upregulated during heat stress
PF3D7-0608700,Different chaperones upregulated during heat stress
PF3D7-0708400,Different chaperones upregulated during heat stress
PF3D7-0708800,Different chaperones upregulated during heat stress
PF3D7-0718500,Different chaperones upregulated during heat stress
PF3D7-0816500,Different chaperones upregulated during heat stress
PF3D7-0818900,Different chaperones upregulated during heat stress
PF3D7-0831700,Different chaperones upregulated during heat stress
PF3D7-1111800,Different chaperones upregulated during heat stress
PF3D7-1116300,Different chaperones upregulated during heat stress
PF3D7-1116800,Different chaperones upregulated during heat stress
PF3D7-1118200,Different chaperones upregulated during heat stress
PF3D7-1132200,Different chaperones upregulated during heat stress
PF3D7-1134000,Different chaperones upregulated during heat stress
PF3D7-1202400,Different chaperones upregulated during heat stress
PF3D7-1215200,Different chaperones upregulated during heat stress
PF3D7-1215300,Different chaperones upregulated during heat stress
PF3D7-1222300,Different chaperones upregulated during heat stress
PF3D7-1229500,Different chaperones upregulated during heat stress
PF3D7-1230400,Different chaperones upregulated during heat stress
PF3D7-1232100,Different chaperones upregulated during heat stress
PF3D7-1247400,Different chaperones upregulated during heat stress
PF3D7-1304500,Different chaperones upregulated during heat stress
PF3D7-1320900,Different chaperones upregulated during heat stress
PF3D7-1333000,Different chaperones upregulated during heat stress
PF3D7-1334200,Different chaperones upregulated during heat stress
PF3D7-1344200,Different chaperones upregulated during heat stress
PF3D7-1355500,Different chaperones upregulated during heat stress
PF3D7-1357800,Different chaperones upregulated during heat stress
PF3D7-1416900,Different chaperones upregulated during heat stress
PF3D7-1423200,Different chaperones upregulated during heat stress
PF3D7-1434300,Different chaperones upregulated during heat stress
PF3D7-1443900,Different chaperones upregulated during heat stress
PF3D7-0109500,Chromatin modifers
PF3D7-0403900,Chromatin modifers
PF3D7-0629000,Chromatin modifers
PF3D7-0629700,Chromatin modifers
PF3D7-0711400,Chromatin modifers
PF3D7-0805400,Chromatin modifers
PF3D7-0807000,Chromatin modifers
PF3D7-0809900,Chromatin modifers
PF3D7-0823300,Chromatin modifers
PF3D7-0827800,Chromatin modifers
PF3D7-0925700,Chromatin modifers
PF3D7-1003300,Chromatin modifers
PF3D7-1008000,Chromatin modifers
PF3D7-1115200,Chromatin modifers
PF3D7-1118600,Chromatin modifers
PF3D7-1214200,Chromatin modifers
PF3D7-1328800,Chromatin modifers
PF3D7-1350700,Chromatin modifers
PF3D7-1437000,Chromatin modifers
PF3D7-1451400,Chromatin modifers
PF3D7-1472200,Chromatin modifers
PF3D7-0110500,Chromatin structural remodellers
PF3D7-0216000,Chromatin structural remodellers
PF3D7-0218700,Chromatin structural remodellers
PF3D7-0501800,Chromatin structural remodellers
PF3D7-0517400,Chromatin structural remodellers
PF3D7-0604600,Chromatin structural remodellers
PF3D7-0624600,Chromatin structural remodellers
PF3D7-0628600,Chromatin structural remodellers
PF3D7-0809700,Chromatin structural remodellers
PF3D7-0817900,Chromatin structural remodellers
PF3D7-0818700,Chromatin structural remodellers
PF3D7-0820000,Chromatin structural remodellers
PF3D7-0912100,Chromatin structural remodellers
PF3D7-0919000,Chromatin structural remodellers
PF3D7-1023900,Chromatin structural remodellers
PF3D7-1033700,Chromatin structural remodellers
PF3D7-1104200,Chromatin structural remodellers
PF3D7-1203700,Chromatin structural remodellers
PF3D7-1212900,Chromatin structural remodellers
PF3D7-1220900,Chromatin structural remodellers
PF3D7-1357500,Chromatin structural remodellers
PF3D7-1359200,Chromatin structural remodellers
PF3D7-1362200,Chromatin structural remodellers
PF3D7-1441400,Chromatin structural remodellers
PF3D7-1464000,Chromatin structural remodellers
PF3D7-1475600,Chromatin structural remodellers
